{
  "0": 0.98046875,
  "1": 0.9140625,
  "2": 0.90625,
  "3": 0.8359375,
  "4": 0.76953125,
  "5": 0.75,
  "6": 0.6953125,
  "7": 0.6953125,
  "8": 0.703125,
  "9": 0.73046875,
  "10": 0.7265625,
  "11": 0.75,
  "12": 0.7734375,
  "13": 0.75390625,
  "14": 0.76171875,
  "15": 0.7734375,
  "16": 0.77734375,
  "17": 0.77734375,
  "18": 0.796875,
  "19": 0.796875,
  "20": 0.79296875,
  "21": 0.79296875,
  "22": 0.80859375,
  "23": 0.8203125,
  "24": 0.83203125,
  "25": 0.8359375,
  "26": 0.84375,
  "27": 0.859375,
  "28": 0.8671875,
  "29": 0.875,
  "30": 0.890625,
  "31": 0.9140625
}